dimension,objects,rules,iterations,mean_ms,stdev_ms,p50_ms,p95_ms,q1_ms,q3_ms,iqr_ms,min_ms,max_ms
objects,10,10,20,0.6153271499999999,0.03064805512894485,0.6032839999999999,0.6880082000000001,0.5986897499999999,0.61759525,0.01890550000000013,0.590315,0.690254
objects,100,10,20,4.8522844,0.25670053001696247,4.7890795,5.2643601,4.7052225,4.86697,0.1617475000000006,4.633879,5.733529
objects,1000,10,20,54.7791845,27.568501216350803,48.352897,59.189184200000085,47.363116,49.67791825,2.3148022499999996,46.235659,171.663659
objects,5000,10,12,246.64011416666665,39.00561272968698,227.2927625,326.5455664,226.44711175000003,238.47943275,12.032320999999968,224.607221,337.384379
rules,1000,0,20,41.56732375,24.521898703181083,36.100019,42.910670700000075,35.69049675,36.54329625,0.8527994999999962,34.951251,145.707543
rules,1000,5,20,48.8503664,23.690853763057284,42.4626755,67.96593455000006,41.361396,43.151534,1.790137999999999,40.83357,147.164272
rules,1000,25,20,67.6513694,7.50043156217796,64.852305,80.58299245,63.9975835,66.60274749999999,2.605163999999995,62.73739,92.713266
rules,1000,100,20,178.99891674999998,43.490662872543325,155.7532565,258.34452645,152.56050125,183.78414874999999,31.2236475,149.521066,265.03453
rules,1000,150,12,258.00043883333336,49.87718800564935,218.5410215,318.5471375,217.7891315,311.58506775,93.79593625000001,216.633932,320.591086
